{
    "meta": {
      "version": "1.0",
      "description": "Real Estate Expert System Rules — Industry-Based"
    },
  
    "location_tiers": {
      "tier_A": {
        "description": "Premium residential/commercial areas with high demand",
        "multiplier": 1.20
      },
      "tier_B": {
        "description": "Developed mid-to-high tier residential areas",
        "multiplier": 1.00
      },
      "tier_C": {
        "description": "Standard older residential areas or semi-developed",
        "multiplier": 0.90
      },
      "tier_D": {
        "description": "Low-demand outskirts or underdeveloped areas",
        "multiplier": 0.80
      }
    },
  
    "locations": {
      "university road": {"tier": "tier_A", "rate": 20000},
      "model town": {"tier": "tier_B", "rate": 15000},
      "satellite town": {"tier": "tier_B", "rate": 14000},
      "wapda town": {"tier": "tier_C", "rate": 12000},
      "aziz bhatti town": {"tier": "tier_A", "rate": 25000},
      "default": {"tier": "tier_C", "rate": 10000}
    },
  
    "common_rules": {
      "area_adjustment": {
        "small_threshold": 1200,
        "large_threshold": 3000,
        "small_bonus": 0.05,
        "large_penalty": -0.05
      },
      "amenities_score_max_effect": 0.07,
      "demand_score_multiplier": 0.01
    },
  
    "house_rules": {
      "bedrooms": {
        "standard": 3,
        "extra_bonus": 0.03,
        "missing_penalty": -0.02
      },
      "bathrooms": {
        "standard": 2,
        "extra_bonus": 0.02,
        "missing_penalty": -0.02
      },
      "condition": {
        "new": 0.10,
        "slightly_used": 0.03,
        "old": -0.08,
        "very_old": -0.12
      },
      "age_brackets": {
        "0_3": 0.10,
        "4_10": 0.03,
        "11_20": -0.08,
        "20_plus": -0.12
      },
      "construction_quality": {
        "score_range": [1, 10],
        "per_point_effect": 0.02
      },
      "parking": {
        "has_parking": 0.03,
        "no_parking": -0.03
      },
      "street_width": {
        "wide_40_plus": 0.05,
        "standard_20_39": 0.00,
        "narrow_less_20": -0.04
      }
    },
  
    "flat_rules": {
      "floor_level": {
        "ground": 0.05,
        "mid_1_4": 0.00,
        "high_5_8": -0.02,
        "very_high_9_plus": -0.04
      },
      "building_age": {
        "0_5": 0.06,
        "6_15": 0.00,
        "16_25": -0.08,
        "25_plus": -0.12
      },
      "lift": {
        "available_bonus": 0.04,
        "missing_penalty_if_high_floor": -0.08
      },
      "parking": {
        "dedicated": 0.03,
        "shared": 0.01,
        "none": -0.03
      },
      "security": {
        "max_effect": 0.05
      }
    },
  
    "plot_rules": {
      "categories": {
        "corner": 0.10,
        "facing_park": 0.08,
        "main_boulevard": 0.12,
        "dead_end": -0.05
      },
      "shape": {
        "rectangular": 0.03,
        "odd": -0.03
      },
      "front_width_ratio": {
        "minimum_ratio": 0.5,
        "penalty": -0.04
      },
      "soil_condition": {
        "solid": 0.03,
        "mixed": 0.00,
        "soft": -0.03
      },
      "nearby_commercial": {
        "within_200m": 0.05,
        "less_50m_noise_penalty": -0.04
      }
    },
  
    "rent_rules": {
      "multipliers": {
        "house": 0.0065,
        "flat": 0.0075,
        "plot": 0.00
      },
      "furnishing": {
        "full": 0.25,
        "semi": 0.10,
        "none": 0.00
      }
    },
  
    "roi_rules": {
      "roi_levels": {
        "high": 7.0,
        "moderate": 5.0,
        "low": 0.0
      }
    },
  
    "risk_rules": {
      "weights": {
        "crime_rate": 0.30,
        "legal_issues": 0.30,
        "market_volatility": 0.20,
        "development_progress": 0.20
      }
    },
  
    "future_growth_rules": {
      "one_year": {
        "demand_factor": 0.005,
        "development_factor": 0.007,
        "market_trend_effect": {
          "positive": 0.03,
          "neutral": 0.00,
          "negative": -0.02
        }
      },
      "three_year": {
        "uncertainty_reduction": 0.90
      }
    },
  
    "weights": {
      "expert_price": 0.60,
      "ml_price": 0.40,
      "expert_rent": 0.50,
      "ml_rent": 0.50
    },
  
    "ml_models": {
      "price": "models/price_model.pkl",
      "rent": "models/rent_model.pkl",
      "roi": "models/roi_model.pkl",
      "risk": "models/risk_model.pkl",
      "future_price": "models/future_price_model.pkl"
    }
  }
  